,Date,Net Sales,Orders,Guests
0,2023-01-01,493.2,15,15
1,2023-01-02,0.0,0,0
2,2023-01-03,360.74,12,12
3,2023-01-04,254.84,9,9
4,2023-01-05,405.06,16,16
5,2023-01-06,704.41,26,26
6,2023-01-07,758.58,23,23
7,2023-01-08,561.42,13,13
8,2023-01-09,0.0,0,0
9,2023-01-10,409.74,13,13
10,2023-01-11,173.59,6,6
11,2023-01-12,175.39,7,7
12,2023-01-13,798.87,23,23
13,2023-01-14,733.0,21,21
14,2023-01-15,594.16,16,16
15,2023-01-16,0.0,0,0
16,2023-01-17,342.25,9,9
17,2023-01-18,270.52,9,9
18,2023-01-19,255.34,9,9
19,2023-01-20,570.35,20,20
20,2023-01-21,398.74,13,13
21,2023-01-22,363.25,11,11
22,2023-01-23,0.0,0,0
23,2023-01-24,388.71,13,13
24,2023-01-25,153.88,6,6
25,2023-01-26,395.78,13,13
26,2023-01-27,513.91,19,19
27,2023-01-28,513.96,21,21
28,2023-01-29,794.2,23,23
29,2023-01-30,0.0,0,0
30,2023-01-31,0.0,0,0
31,2023-02-01,0.0,0,0
32,2023-02-02,322.8,12,12
33,2023-02-03,981.78,30,30
34,2023-02-04,868.83,28,28
35,2023-02-05,804.69,26,26
36,2023-02-06,0.0,0,0
37,2023-02-07,231.85,7,7
38,2023-02-08,302.87,9,9
39,2023-02-09,998.06,34,34
40,2023-02-10,1005.07,25,25
41,2023-02-11,760.39,25,25
42,2023-02-12,1292.27,28,28
43,2023-02-13,0.0,0,0
44,2023-02-14,527.05,17,17
45,2023-02-15,429.84,8,8
46,2023-02-16,395.13,12,12
47,2023-02-17,1537.27,23,23
48,2023-02-18,544.69,19,19
49,2023-02-19,443.88,17,17
50,2023-02-20,0.0,0,0
51,2023-02-21,386.75,15,15
52,2023-02-22,687.7,17,17
53,2023-02-23,508.99,21,21
54,2023-02-24,1041.35,39,39
55,2023-02-25,888.95,25,25
56,2023-02-26,605.51,17,17
57,2023-02-27,0.0,0,0
58,2023-02-28,571.04,15,15
59,2023-03-01,457.13,18,18
60,2023-03-02,726.31,25,25
61,2023-03-03,904.91,34,34
62,2023-03-04,792.66,28,28
63,2023-03-05,757.06,22,22
64,2023-03-06,0.0,0,0
65,2023-03-07,228.39,9,9
66,2023-03-08,652.3,22,22
67,2023-03-09,439.58,15,15
68,2023-03-10,652.75,21,21
69,2023-03-11,1000.26,28,28
70,2023-03-12,859.04,22,22
71,2023-03-13,0.0,0,0
72,2023-03-14,960.77,25,25
73,2023-03-15,425.13,14,14
74,2023-03-16,411.0,16,16
75,2023-03-17,966.85,32,32
76,2023-03-18,1133.03,29,29
77,2023-03-19,915.23,26,26
78,2023-03-20,0.0,0,0
79,2023-03-21,459.34,20,20
80,2023-03-22,241.17,12,12
81,2023-03-23,133.92,5,5
82,2023-03-24,463.06,17,17
83,2023-03-25,553.67,16,16
84,2023-03-26,431.66,15,15
85,2023-03-27,0.0,0,0
86,2023-03-28,891.09,18,18
87,2023-03-29,357.52,16,16
88,2023-03-30,492.15,16,16
89,2023-03-31,1481.81,28,28
90,2023-04-01,772.69,23,23
91,2023-04-02,342.71,10,10
92,2023-04-03,0.0,0,0
93,2023-04-04,267.8,9,9
94,2023-04-05,282.24,12,12
95,2023-04-06,561.56,15,15
96,2023-04-07,629.0,18,18
97,2023-04-08,861.3,21,21
98,2023-04-09,729.03,23,23
99,2023-04-10,0.0,0,0
100,2023-04-11,416.67,9,9
101,2023-04-12,536.63,19,19
102,2023-04-13,347.21,14,14
103,2023-04-14,582.65,19,19
104,2023-04-15,791.7,27,27
105,2023-04-16,966.9,27,27
106,2023-04-17,0.0,0,0
107,2023-04-18,769.5,18,18
108,2023-04-19,788.28,30,30
109,2023-04-20,559.57,17,17
110,2023-04-21,636.15,22,22
111,2023-04-22,807.88,19,19
112,2023-04-23,706.36,21,21
113,2023-04-24,0.0,0,0
114,2023-04-25,317.77,11,11
115,2023-04-26,292.53,12,12
116,2023-04-27,327.77,12,12
117,2023-04-28,976.87,33,33
118,2023-04-29,478.67,19,19
119,2023-04-30,1185.05,34,34
120,2023-05-01,0.0,0,0
121,2023-05-02,379.6,11,11
122,2023-05-03,266.35,11,11
123,2023-05-04,291.81,10,10
124,2023-05-05,663.23,25,25
125,2023-05-06,1136.14,47,47
126,2023-05-07,676.45,20,20
127,2023-05-08,0.0,0,0
128,2023-05-09,348.73,15,15
129,2023-05-10,421.21,13,13
130,2023-05-11,651.79,23,23
131,2023-05-12,1340.07,37,37
132,2023-05-13,975.74,31,31
133,2023-05-14,703.38,22,22
134,2023-05-15,0.0,0,0
135,2023-05-16,326.76,11,11
136,2023-05-17,369.67,13,13
137,2023-05-18,659.46,23,23
138,2023-05-19,454.15,13,13
139,2023-05-20,444.74,15,15
140,2023-05-21,340.74,13,13
141,2023-05-22,0.0,0,0
142,2023-05-23,272.02,8,8
143,2023-05-24,411.67,15,15
144,2023-05-25,367.76,13,13
145,2023-05-26,739.46,22,22
146,2023-05-27,780.05,24,24
147,2023-05-28,825.45,29,29
148,2023-05-29,0.0,0,0
149,2023-05-30,526.61,17,17
150,2023-05-31,444.21,15,15
151,2023-06-01,736.95,19,19
152,2023-06-02,1305.9,45,45
153,2023-06-03,832.38,26,26
154,2023-06-04,490.15,16,16
155,2023-06-05,0.0,0,0
156,2023-06-06,597.18,16,16
157,2023-06-07,347.75,10,10
158,2023-06-08,412.71,13,13
159,2023-06-09,839.47,26,26
160,2023-06-10,947.31,30,30
161,2023-06-11,590.15,17,17
162,2023-06-12,0.0,0,0
163,2023-06-13,295.79,8,8
164,2023-06-14,692.34,20,20
165,2023-06-15,107.95,5,5
166,2023-06-16,780.66,24,24
167,2023-06-17,867.8,25,25
168,2023-06-18,930.13,25,25
169,2023-06-19,0.0,0,0
170,2023-06-20,655.03,24,24
171,2023-06-21,517.62,20,20
172,2023-06-22,458.63,16,16
173,2023-06-23,941.74,29,29
174,2023-06-24,589.12,21,21
175,2023-06-25,834.47,23,23
176,2023-06-26,0.0,0,0
177,2023-06-27,951.48,24,24
178,2023-06-28,789.84,21,21
179,2023-06-29,655.7,18,18
180,2023-06-30,1815.01,53,53
181,2023-07-01,1406.43,42,42
182,2023-07-02,1031.28,31,31
183,2023-07-03,0.0,0,0
184,2023-07-04,669.38,23,23
185,2023-07-05,603.03,18,18
186,2023-07-06,549.09,16,16
187,2023-07-07,1338.55,38,38
188,2023-07-08,1307.66,36,36
189,2023-07-09,1069.74,29,29
190,2023-07-10,0.0,0,0
191,2023-07-11,395.66,14,14
192,2023-07-12,377.3,13,13
193,2023-07-13,402.24,15,15
194,2023-07-14,1399.44,40,40
195,2023-07-15,1486.41,43,43
196,2023-07-16,1027.37,26,26
197,2023-07-17,0.0,0,0
198,2023-07-18,264.33,9,9
199,2023-07-19,439.15,16,16
200,2023-07-20,297.86,11,11
201,2023-07-21,711.52,24,24
202,2023-07-22,883.02,22,22
203,2023-07-23,997.24,27,27
204,2023-07-24,0.0,0,0
205,2023-07-25,675.65,22,22
206,2023-07-26,781.45,23,23
207,2023-07-27,712.03,17,17
208,2023-07-28,812.41,27,27
209,2023-07-29,1162.06,34,34
210,2023-07-30,1024.12,26,26
211,2023-07-31,0.0,0,0
212,2023-08-01,543.56,19,19
213,2023-08-02,612.33,21,21
214,2023-08-03,546.1,15,15
215,2023-08-04,925.24,28,28
216,2023-08-05,777.01,26,26
217,2023-08-06,881.6,24,24
218,2023-08-07,0.0,0,0
219,2023-08-08,295.79,11,11
220,2023-08-09,408.16,18,18
221,2023-08-10,722.55,18,18
222,2023-08-11,924.88,27,27
223,2023-08-12,1041.24,29,29
224,2023-08-13,1065.23,27,27
225,2023-08-14,0.0,0,0
226,2023-08-15,330.27,11,11
227,2023-08-16,317.73,9,9
228,2023-08-17,174.86,6,6
229,2023-08-18,939.87,30,30
230,2023-08-19,904.78,28,28
231,2023-08-20,825.28,27,27
232,2023-08-21,0.0,0,0
233,2023-08-22,914.2,13,13
234,2023-08-23,374.24,15,15
235,2023-08-24,371.7,12,12
236,2023-08-25,1249.59,40,40
237,2023-08-26,1550.85,34,34
238,2023-08-27,744.82,24,24
239,2023-08-28,0.0,0,0
240,2023-08-29,775.03,28,28
241,2023-08-30,370.71,14,14
242,2023-08-31,556.62,25,25
243,2023-09-01,908.81,32,32
244,2023-09-02,1051.27,29,29
245,2023-09-03,1218.26,35,35
246,2023-09-04,0.0,0,0
247,2023-09-05,440.58,13,13
248,2023-09-06,249.86,10,10
249,2023-09-07,681.81,22,22
250,2023-09-08,1051.73,31,31
251,2023-09-09,1397.6,32,32
252,2023-09-10,1154.45,35,35
253,2023-09-11,0.0,0,0
254,2023-09-12,378.69,15,15
255,2023-09-13,121.4,9,9
256,2023-09-14,885.84,19,19
257,2023-09-15,911.47,30,30
258,2023-09-16,1021.82,28,28
259,2023-09-17,672.59,21,21
260,2023-09-18,0.0,0,0
261,2023-09-19,608.64,20,20
262,2023-09-20,592.63,16,16
263,2023-09-21,316.77,12,12
264,2023-09-22,916.95,27,27
265,2023-09-23,969.72,31,31
266,2023-09-24,371.24,12,12
267,2023-09-25,21.99,1,1
268,2023-09-26,556.59,16,16
269,2023-09-27,477.65,17,17
270,2023-09-28,552.15,15,15
271,2023-09-29,903.47,26,26
272,2023-09-30,946.9,31,31
273,2023-10-01,538.58,17,17
274,2023-10-02,0.0,0,0
275,2023-10-03,289.23,9,9
276,2023-10-04,350.21,12,12
277,2023-10-05,481.62,17,17
278,2023-10-06,1207.26,37,37
279,2023-10-07,742.85,23,23
280,2023-10-08,753.0,19,19
281,2023-10-09,24.97,1,1
282,2023-10-10,485.15,20,20
283,2023-10-11,572.49,18,18
284,2023-10-12,370.24,12,12
285,2023-10-13,707.5,25,25
286,2023-10-14,1586.8,26,26
287,2023-10-15,788.07,23,23
288,2023-10-16,0.0,0,0
289,2023-10-17,382.2,19,19
290,2023-10-18,410.71,14,14
291,2023-10-19,231.33,8,8
292,2023-10-20,855.34,26,26
293,2023-10-21,956.21,30,30
294,2023-10-22,664.57,15,15
295,2023-10-23,0.0,0,0
296,2023-10-24,311.71,10,10
297,2023-10-25,412.75,14,14
298,2023-10-26,310.3,11,11
299,2023-10-27,342.78,15,15
300,2023-10-28,539.1,18,18
301,2023-10-29,775.87,21,21
302,2023-10-30,0.0,0,0
303,2023-10-31,692.43,14,14
304,2023-11-01,376.71,13,13
305,2023-11-02,497.17,23,23
306,2023-11-03,555.1,21,21
307,2023-11-04,1172.17,37,37
308,2023-11-05,1021.71,31,31
309,2023-11-06,0.0,0,0
310,2023-11-07,305.31,10,10
311,2023-11-08,320.4,11,11
312,2023-11-09,633.53,19,19
313,2023-11-10,832.47,29,29
314,2023-11-11,898.27,31,31
315,2023-11-12,671.96,20,20
316,2023-11-13,0.0,0,0
317,2023-11-14,406.95,15,15
318,2023-11-15,654.06,19,19
319,2023-11-16,265.81,10,10
320,2023-11-17,867.96,22,22
321,2023-11-18,653.61,23,23
322,2023-11-19,828.84,20,20
323,2023-11-20,0.0,0,0
324,2023-11-21,506.59,15,15
325,2023-11-22,461.67,12,12
326,2023-11-23,0.0,0,0
327,2023-11-24,744.98,24,24
328,2023-11-25,1265.66,41,41
329,2023-11-26,695.44,23,23
330,2023-11-27,0.0,0,0
331,2023-11-28,126.88,5,5
332,2023-11-29,370.71,14,14
333,2023-11-30,663.64,16,16
334,2023-12-01,699.42,24,24
335,2023-12-02,909.44,23,23
336,2023-12-03,467.25,17,17
337,2023-12-04,0.0,0,0
338,2023-12-05,328.74,14,14
339,2023-12-06,546.21,17,17
340,2023-12-07,544.19,17,17
341,2023-12-08,764.58,23,23
342,2023-12-09,886.84,26,26
343,2023-12-10,659.07,22,22
344,2023-12-11,0.0,0,0
345,2023-12-12,364.26,12,12
346,2023-12-13,598.06,19,19
347,2023-12-14,283.76,9,9
348,2023-12-15,768.05,22,22
349,2023-12-16,789.52,24,24
350,2023-12-17,608.54,16,16
351,2023-12-18,0.0,0,0
352,2023-12-19,248.81,9,9
353,2023-12-20,609.61,20,20
354,2023-12-21,438.73,16,16
355,2023-12-22,876.45,22,22
356,2023-12-23,1218.74,30,30
357,2023-12-24,1517.66,38,38
358,2023-12-25,1528.61,44,44
359,2023-12-26,966.38,25,25
360,2023-12-27,672.58,17,17
361,2023-12-28,878.42,24,24
362,2023-12-29,1284.22,32,32
363,2023-12-30,1417.59,43,43
364,2023-12-31,1136.31,31,31
365,2024-01-01,0.0,0,0
366,2024-01-02,656.12,19,19
367,2024-01-03,666.52,17,17
368,2024-01-04,373.35,12,12
369,2024-01-05,817.98,24,24
370,2024-01-06,932.27,28,28
371,2024-01-07,709.02,24,24
372,2024-01-08,0.0,0,0
373,2024-01-09,312.79,16,16
374,2024-01-10,461.23,18,18
375,2024-01-11,323.32,10,10
376,2024-01-12,1112.3,35,35
377,2024-01-13,1203.78,32,32
378,2024-01-14,569.07,17,17
379,2024-01-15,0.0,0,0
380,2024-01-16,147.88,7,7
381,2024-01-17,303.78,10,10
382,2024-01-18,327.74,10,10
383,2024-01-19,835.5,30,30
384,2024-01-20,1286.22,38,38
385,2024-01-21,636.11,19,19
386,2024-01-22,0.0,0,0
387,2024-01-23,359.27,12,12
388,2024-01-24,338.78,10,10
389,2024-01-25,555.72,17,17
390,2024-01-26,711.91,27,27
391,2024-01-27,805.01,22,22
392,2024-01-28,805.43,27,27
393,2024-01-29,0.0,0,0
394,2024-01-30,375.17,18,18
395,2024-01-31,296.76,10,10
396,2024-02-01,333.31,11,11
397,2024-02-02,872.78,34,34
398,2024-02-03,952.89,24,24
399,2024-02-04,958.91,28,28
400,2024-02-05,0.0,0,0
401,2024-02-06,498.16,16,16
402,2024-02-07,410.75,14,14
403,2024-02-08,420.66,15,15
404,2024-02-09,1394.1,41,41
405,2024-02-10,1333.69,34,34
406,2024-02-11,2289.74,41,41
407,2024-02-12,0.0,0,0
408,2024-02-13,285.76,8,8
409,2024-02-14,762.6,23,23
410,2024-02-15,537.58,15,15
411,2024-02-16,1539.57,50,50
412,2024-02-17,1096.52,28,28
413,2024-02-18,891.87,29,29
414,2024-02-19,0.0,0,0
415,2024-02-20,334.77,13,13
416,2024-02-21,410.12,19,19
417,2024-02-22,430.18,23,23
418,2024-02-23,941.98,30,30
419,2024-02-24,864.44,24,24
420,2024-02-25,555.11,18,18
421,2024-02-26,0.0,0,0
422,2024-02-27,190.84,8,8
423,2024-02-28,407.78,13,13
424,2024-02-29,422.72,16,16
425,2024-03-01,1084.36,29,29
426,2024-03-02,1392.56,41,41
427,2024-03-03,913.37,32,32
428,2024-03-04,0.0,0,0
429,2024-03-05,508.66,16,16
430,2024-03-06,453.18,18,18
431,2024-03-07,755.6,17,17
432,2024-03-08,809.82,28,28
433,2024-03-09,1271.27,41,41
434,2024-03-10,908.37,33,33
435,2024-03-11,0.0,0,0
436,2024-03-12,130.94,5,5
437,2024-03-13,3824.25,15,15
438,2024-03-14,827.52,30,30
439,2024-03-15,929.41,24,24
440,2024-03-16,775.97,24,24
441,2024-03-17,804.05,25,25
442,2024-03-18,0.0,0,0
443,2024-03-19,505.23,15,15
444,2024-03-20,301.3,11,11
445,2024-03-21,491.32,16,16
446,2024-03-22,954.85,29,29
447,2024-03-23,1311.18,29,29
448,2024-03-24,575.19,19,19
449,2024-03-25,0.0,0,0
450,2024-03-26,263.38,8,8
451,2024-03-27,880.91,23,23
452,2024-03-28,974.51,23,23
453,2024-03-29,622.59,19,19
454,2024-03-30,761.5,21,21
455,2024-03-31,858.95,26,26
456,2024-04-01,0.0,0,0
457,2024-04-02,917.02,27,27
458,2024-04-03,980.11,20,20
459,2024-04-04,499.63,15,15
460,2024-04-05,1274.66,26,26
461,2024-04-06,989.37,29,29
462,2024-04-07,733.52,21,21
463,2024-04-08,0.0,0,0
464,2024-04-09,251.85,9,9
465,2024-04-10,493.25,16,16
466,2024-04-11,490.68,16,16
467,2024-04-12,1073.8,32,32
468,2024-04-13,1056.7,28,28
469,2024-04-14,666.09,18,18
470,2024-04-15,0.0,0,0
471,2024-04-16,365.83,10,10
472,2024-04-17,523.17,22,22
473,2024-04-18,313.77,12,12
474,2024-04-19,1307.63,37,37
475,2024-04-20,1212.92,32,32
476,2024-04-21,944.77,26,26
477,2024-04-22,0.0,0,0
478,2024-04-23,421.78,13,13
479,2024-04-24,295.35,9,9
480,2024-04-25,442.26,15,15
481,2024-04-26,850.52,23,23
482,2024-04-27,670.04,17,17
483,2024-04-28,845.43,24,24
484,2024-04-29,0.0,0,0
485,2024-04-30,294.81,10,10
486,2024-05-01,953.47,22,22
487,2024-05-02,267.33,11,11
488,2024-05-03,892.81,25,25
489,2024-05-04,944.35,24,24
490,2024-05-05,657.85,21,21
491,2024-05-06,0.0,0,0
492,2024-05-07,349.26,13,13
493,2024-05-08,476.31,13,13
494,2024-05-09,530.77,16,16
495,2024-05-10,859.5,26,26
496,2024-05-11,691.08,24,24
497,2024-05-12,1174.74,34,34
498,2024-05-13,0.0,0,0
499,2024-05-14,251.81,9,9
500,2024-05-15,540.63,17,17
501,2024-05-16,346.28,12,12
502,2024-05-17,772.93,29,29
503,2024-05-18,1031.55,25,25
504,2024-05-19,791.46,23,23
505,2024-05-20,0.0,0,0
506,2024-05-21,125.91,5,5
507,2024-05-22,442.72,14,14
508,2024-05-23,504.6,17,17
509,2024-05-24,1001.34,26,26
510,2024-05-25,677.5,22,22
511,2024-05-26,612.08,19,19
512,2024-05-27,0.0,0,0
513,2024-05-28,992.69,21,21
514,2024-05-29,330.28,10,10
515,2024-05-30,515.71,14,14
516,2024-05-31,1423.93,32,32
517,2024-06-01,1469.61,34,34
518,2024-06-02,606.16,17,17
519,2024-06-03,0.0,0,0
520,2024-06-04,558.82,21,21
521,2024-06-05,301.32,9,9
522,2024-06-06,674.93,15,15
523,2024-06-07,931.22,23,23
524,2024-06-08,1071.8,32,32
525,2024-06-09,1032.92,25,25
526,2024-06-10,0.0,0,0
527,2024-06-11,148.91,5,5
528,2024-06-12,709.65,10,10
529,2024-06-13,200.88,7,7
530,2024-06-14,1341.58,38,38
531,2024-06-15,780.5,21,21
532,2024-06-16,1239.16,34,34
533,2024-06-17,0.0,0,0
534,2024-06-18,394.77,10,10
535,2024-06-19,546.34,10,10
536,2024-06-20,643.56,21,21
537,2024-06-21,1187.69,33,33
538,2024-06-22,788.87,28,28
539,2024-06-23,769.5,23,23
540,2024-06-24,0.0,0,0
541,2024-06-25,533.67,15,15
542,2024-06-26,494.2,12,12
543,2024-06-27,303.3,11,11
544,2024-06-28,878.62,27,27
545,2024-06-29,822.41,27,27
546,2024-06-30,1203.03,19,19
547,2024-07-01,0.0,0,0
548,2024-07-02,255.86,8,8
549,2024-07-03,657.58,20,20
550,2024-07-04,0.0,0,0
551,2024-07-05,1193.76,36,36
552,2024-07-06,842.55,22,22
553,2024-07-07,771.51,19,19
554,2024-07-08,0.0,0,0
555,2024-07-09,457.68,13,13
556,2024-07-10,330.27,12,12
557,2024-07-11,880.29,24,24
558,2024-07-12,981.88,30,30
559,2024-07-13,1155.56,37,37
560,2024-07-14,954.95,29,29
561,2024-07-15,0.0,0,0
562,2024-07-16,472.25,16,16
563,2024-07-17,533.25,17,17
564,2024-07-18,721.54,20,20
565,2024-07-19,883.98,26,26
566,2024-07-20,947.9,29,29
567,2024-07-21,989.9,32,32
568,2024-07-22,0.0,0,0
569,2024-07-23,467.71,14,14
570,2024-07-24,456.19,15,15
571,2024-07-25,516.17,16,16
572,2024-07-26,1057.94,23,23
573,2024-07-27,1451.99,37,37
574,2024-07-28,1055.36,29,29
575,2024-07-29,0.0,0,0
576,2024-07-30,376.78,14,14
577,2024-07-31,376.27,10,10
578,2024-08-01,774.08,15,15
579,2024-08-02,490.13,14,14
580,2024-08-03,837.41,29,29
581,2024-08-04,505.68,17,17
582,2024-08-05,0.0,0,0
583,2024-08-06,918.92,16,16
584,2024-08-07,176.37,5,5
585,2024-08-08,439.67,17,17
586,2024-08-09,1058.48,31,31
587,2024-08-10,807.52,28,28
588,2024-08-11,591.6,18,18
589,2024-08-12,9.99,1,1
590,2024-08-13,267.88,6,6
591,2024-08-14,330.27,8,8
592,2024-08-15,606.56,16,16
593,2024-08-16,928.82,35,35
594,2024-08-17,1530.56,35,35
595,2024-08-18,910.81,25,25
596,2024-08-19,0.0,0,0
597,2024-08-20,558.18,18,18
598,2024-08-21,228.71,9,9
599,2024-08-22,265.83,8,8
600,2024-08-23,825.86,30,30
601,2024-08-24,1059.75,12,12
602,2024-08-25,595.19,20,20
603,2024-08-26,0.0,0,0
604,2024-08-27,320.78,13,13
605,2024-08-28,377.3,14,14
606,2024-08-29,352.3,11,11
607,2024-08-30,1420.1,37,37
608,2024-08-31,1492.1,35,35
609,2024-09-01,1236.51,31,31
610,2024-09-02,0.0,0,0
611,2024-09-03,673.12,11,11
612,2024-09-04,251.37,8,8
613,2024-09-05,333.3,8,8
614,2024-09-06,1015.95,28,28
615,2024-09-07,1150.59,39,39
616,2024-09-08,535.1,21,21
617,2024-09-09,0.0,0,0
618,2024-09-10,173.92,6,6
619,2024-09-11,349.75,13,13
620,2024-09-12,250.79,8,8
621,2024-09-13,1048.41,37,37
622,2024-09-14,701.15,22,22
623,2024-09-15,1015.87,25,25
624,2024-09-16,0.0,0,0
625,2024-09-17,164.93,7,7
626,2024-09-18,306.84,11,11
627,2024-09-19,206.4,7,7
628,2024-09-20,1185.0,25,25
629,2024-09-21,1463.38,39,39
630,2024-09-22,671.53,22,22
631,2024-09-23,0.0,0,0
632,2024-09-24,283.27,10,10
633,2024-09-25,199.89,7,7
634,2024-09-26,498.75,16,16
635,2024-09-27,1360.19,52,52
636,2024-09-28,1104.33,41,41
637,2024-09-29,652.6,17,17
638,2024-09-30,0.0,0,0
639,2024-10-01,319.28,10,10
640,2024-10-02,234.3,12,12
641,2024-10-03,233.38,8,8
642,2024-10-04,1373.72,34,34
643,2024-10-05,1495.13,40,40
644,2024-10-06,586.07,22,22
645,2024-10-07,0.0,0,0
646,2024-10-08,253.85,9,9
647,2024-10-09,382.26,11,11
648,2024-10-10,431.12,15,15
649,2024-10-11,917.27,28,28
650,2024-10-12,469.18,16,16
651,2024-10-13,822.44,26,26
652,2024-10-14,0.0,0,0
653,2024-10-15,254.34,14,14
654,2024-10-16,360.28,11,11
655,2024-10-17,570.18,12,12
656,2024-10-18,1030.35,32,32
657,2024-10-19,1112.31,32,32
658,2024-10-20,501.76,14,14
659,2024-10-21,0.0,0,0
660,2024-10-22,379.21,12,12
661,2024-10-23,362.79,16,16
662,2024-10-24,505.71,13,13
663,2024-10-25,1020.09,32,32
664,2024-10-26,1157.11,32,32
665,2024-10-27,1206.31,33,33
666,2024-10-28,0.0,0,0
667,2024-10-29,268.85,10,10
668,2024-10-30,406.27,15,15
669,2024-10-31,1356.48,22,22
670,2024-11-01,1115.64,22,22
671,2024-11-02,756.61,19,19
672,2024-11-03,740.84,22,22
673,2024-11-04,0.0,0,0
674,2024-11-05,463.56,15,15
675,2024-11-06,264.83,10,10
676,2024-11-07,303.26,8,8
677,2024-11-08,971.48,33,33
678,2024-11-09,849.03,25,25
679,2024-11-10,724.56,23,23
680,2024-11-11,0.0,0,0
681,2024-11-12,145.38,8,8
682,2024-11-13,420.3,10,10
683,2024-11-14,193.83,5,5
684,2024-11-15,819.86,27,27
685,2024-11-16,583.52,16,16
686,2024-11-17,461.71,16,16
687,2024-11-18,49.96,2,2
688,2024-11-19,296.24,10,10
689,2024-11-20,310.78,9,9
690,2024-11-21,514.67,9,9
691,2024-11-22,689.46,19,19
692,2024-11-23,760.41,22,22
693,2024-11-24,705.44,25,25
694,2024-11-25,0.0,0,0
695,2024-11-26,432.28,14,14
696,2024-11-27,453.28,11,11
697,2024-11-28,0.0,0,0
698,2024-11-29,651.6,18,18
699,2024-11-30,1263.28,29,29
700,2024-12-01,875.31,22,22
701,2024-12-02,0.0,0,0
702,2024-12-03,273.27,11,11
703,2024-12-04,366.75,13,13
704,2024-12-05,404.24,13,13
705,2024-12-06,416.67,15,15
706,2024-12-07,1111.83,28,28
707,2024-12-08,564.57,17,17
708,2024-12-09,0.0,0,0
709,2024-12-10,158.92,7,7
710,2024-12-11,287.27,9,9
711,2024-12-12,546.28,13,13
712,2024-12-13,1524.69,29,29
713,2024-12-14,733.5,23,23
714,2024-12-15,839.39,28,28
715,2024-12-16,0.0,0,0
716,2024-12-17,132.88,5,5
717,2024-12-18,232.81,7,7
718,2024-12-19,520.66,18,18
719,2024-12-20,876.52,25,25
720,2024-12-21,471.66,16,16
721,2024-12-22,1163.75,28,28
722,2024-12-23,0.0,0,0
723,2024-12-24,1154.32,34,34
724,2024-12-25,1501.6,40,40
725,2024-12-26,338.22,10,10
726,2024-12-27,769.41,20,20
727,2024-12-28,759.91,23,23
728,2024-12-29,961.75,16,16
729,2024-12-30,0.0,0,0
730,2024-12-31,623.86,16,16
731,2025-01-01,0.0,0,0
732,2025-01-02,347.19,11,11
733,2025-01-03,871.31,18,18
734,2025-01-04,447.15,15,15
735,2025-01-05,823.63,25,25
736,2025-01-06,0.0,0,0
737,2025-01-07,381.8,12,12
738,2025-01-08,144.92,5,5
739,2025-01-09,0.0,0,0
740,2025-01-10,584.63,22,22
741,2025-01-11,1029.33,24,24
742,2025-01-12,498.02,16,16
743,2025-01-13,0.0,0,0
744,2025-01-14,263.83,9,9
745,2025-01-15,254.84,8,8
746,2025-01-16,351.23,9,9
747,2025-01-17,1694.03,22,22
748,2025-01-18,1056.86,28,28
749,2025-01-19,809.01,19,19
750,2025-01-20,0.0,0,0
751,2025-01-21,205.9,7,7
752,2025-01-22,404.78,13,13
753,2025-01-23,499.09,12,12
754,2025-01-24,970.88,25,25
755,2025-01-25,896.99,24,24
756,2025-01-26,468.68,14,14
757,2025-01-27,0.0,0,0
758,2025-01-28,109.9,4,4
759,2025-01-29,371.75,14,14
760,2025-01-30,361.29,15,15
761,2025-01-31,858.92,25,25
762,2025-02-01,732.63,21,21
763,2025-02-02,603.09,17,17
764,2025-02-03,0.0,0,0
765,2025-02-04,299.3,8,8
766,2025-02-05,226.27,7,7
767,2025-02-06,505.7,8,8
768,2025-02-07,3551.81,33,33
769,2025-02-08,1437.55,37,37
770,2025-02-09,1704.07,39,39
771,2025-02-10,0.0,0,0
772,2025-02-11,220.4,10,10
773,2025-02-12,63.97,2,2
774,2025-02-13,943.39,9,9
775,2025-02-14,584.3,21,21
776,2025-02-15,813.47,22,22
777,2025-02-16,540.58,17,17
778,2025-02-17,0.0,0,0
779,2025-02-18,95.9,4,4
780,2025-02-19,426.23,14,14
781,2025-02-20,698.05,18,18
782,2025-02-21,2331.92,69,69
783,2025-02-22,3426.88,93,93
784,2025-02-23,2875.33,80,80
785,2025-02-24,0.0,0,0
786,2025-02-25,1437.12,45,45
787,2025-02-26,1460.37,44,44
788,2025-02-27,1439.04,46,46
789,2025-02-28,2469.91,69,69
790,2025-03-01,2228.01,69,69
791,2025-03-02,1503.58,46,46
792,2025-03-03,0.0,0,0
793,2025-03-04,1032.77,36,36
794,2025-03-05,820.06,23,23
795,2025-03-06,1104.81,28,28
796,2025-03-07,2457.61,67,67
797,2025-03-08,2383.03,65,65
798,2025-03-09,1634.3,44,44
799,2025-03-10,0.0,0,0
800,2025-03-11,1506.08,29,29
801,2025-03-12,1096.7,30,30
802,2025-03-13,956.81,29,29
803,2025-03-14,2497.4,66,66
804,2025-03-15,2751.4,70,70
805,2025-03-16,1956.67,44,44
806,2025-03-17,0.0,0,0
807,2025-03-18,754.03,23,23
808,2025-03-19,515.67,16,16
809,2025-03-20,823.56,21,21
810,2025-03-21,1126.31,33,33
811,2025-03-22,2181.98,69,69
812,2025-03-23,1234.16,38,38
813,2025-03-24,0.0,0,0
814,2025-03-25,767.94,28,28
815,2025-03-26,951.48,30,30
816,2025-03-27,779.96,20,20
817,2025-03-28,1972.78,56,56
818,2025-03-29,2022.78,61,61
819,2025-03-30,1152.7,34,34
820,2025-03-31,0.0,0,0
821,2025-04-01,402.75,15,15
822,2025-04-02,782.36,24,24
823,2025-04-03,825.51,25,25
824,2025-04-04,1900.12,56,56
825,2025-04-05,2284.7,52,52
826,2025-04-06,1118.35,34,34
827,2025-04-07,0.0,0,0
828,2025-04-08,823.45,23,23
829,2025-04-09,506.66,14,14
830,2025-04-10,784.99,24,24
831,2025-04-11,1499.06,39,39
832,2025-04-12,1919.51,52,52
833,2025-04-13,1309.23,32,32
834,2025-04-14,0.0,0,0
835,2025-04-15,669.75,24,24
836,2025-04-16,458.25,15,15
837,2025-04-17,784.62,26,26
838,2025-04-18,1158.18,36,36
